BEGIN;

CREATE OR REPLACE FUNCTION set_updated_time()
RETURNS TRIGGER AS $$
BEGIN
  NEW.updated_time = CURRENT_TIMESTAMP;
  RETURN NEW;
END;
$$ LANGUAGE plpgsql;

CREATE OR REPLACE FUNCTION set_update_time()
RETURNS TRIGGER AS $$
BEGIN
  NEW.update_time = CURRENT_TIMESTAMP;
  RETURN NEW;
END;
$$ LANGUAGE plpgsql;

DROP TABLE IF EXISTS review CASCADE;
DROP TABLE IF EXISTS message CASCADE;
DROP TABLE IF EXISTS report CASCADE;
DROP TABLE IF EXISTS sys_file_info CASCADE;
DROP TABLE IF EXISTS biz_chat CASCADE;
DROP TABLE IF EXISTS search_history CASCADE;
DROP TABLE IF EXISTS notice CASCADE;
DROP TABLE IF EXISTS favorite CASCADE;
DROP TABLE IF EXISTS orders CASCADE;
DROP TABLE IF EXISTS product CASCADE;
DROP TABLE IF EXISTS sys_user CASCADE;
DROP TABLE IF EXISTS school CASCADE;

CREATE TABLE school (
  id BIGINT GENERATED BY DEFAULT AS IDENTITY PRIMARY KEY,
  school_code VARCHAR(50) NOT NULL UNIQUE,
  name_zh VARCHAR(255) NOT NULL,
  name_ko VARCHAR(255) NOT NULL,
  name_en VARCHAR(255) NOT NULL,
  city_zh VARCHAR(100),
  city_ko VARCHAR(100),
  city_en VARCHAR(100),
  logo_url VARCHAR(500),
  status SMALLINT DEFAULT 1,
  deleted INTEGER DEFAULT 0,
  created_time TIMESTAMP DEFAULT CURRENT_TIMESTAMP,
  updated_time TIMESTAMP DEFAULT CURRENT_TIMESTAMP
);

DROP TRIGGER IF EXISTS trg_school_updated_time ON school;
CREATE TRIGGER trg_school_updated_time
BEFORE UPDATE ON school
FOR EACH ROW EXECUTE FUNCTION set_updated_time();

INSERT INTO school (school_code, name_zh, name_ko, name_en, city_zh, city_ko, city_en) VALUES
('SNU', '首尔大学', '서울대학교', 'Seoul National University', '首尔', '서울', 'Seoul'),
('KAIST', '韩国科学技术院', '카이스트', 'KAIST', '大田', '대전', 'Daejeon'),
('KU', '高丽大学', '고려대학교', 'Korea University', '首尔', '서울', 'Seoul'),
('YU', '延世大学', '연세대학교', 'Yonsei University', '首尔', '서울', 'Seoul'),
('HYU', '汉阳大学', '한양대학교', 'Hanyang University', '首尔', '서울', 'Seoul'),
('CAU', '中央大学', '중앙대학교', 'Chung-Ang University', '首尔', '서울', 'Seoul'),
('POSTECH', '浦项工科大学', '포항공과대학교', 'Pohang University of Science and Technology', '浦项', '포항', 'Pohang'),
('KNU', '庆北大学', '경북대학교', 'Kyungpook National University', '大邱', '대구', 'Daegu'),
('EWHA', '梨花女子大学', '이화여자대학교', 'Ewha Womans University', '首尔', '서울', 'Seoul'),
('KHU', '庆熙大学', '경희대학교', 'Kyung Hee University', '首尔', '서울', 'Seoul'),
('PNU', '釜山大学', '부산대학교', 'Pusan National University', '釜山', '부산', 'Busan'),
('SGU', '西江大学', '서강대학교', 'Sogang University', '首尔', '서울', 'Seoul'),
('SKKU', '成均馆大学', '성균관대학교', 'Sungkyunkwan University', '首尔', '서울', 'Seoul'),
('SEJONG', '世宗大学', '세종대학교', 'Sejong University', '首尔', '서울', 'Seoul'),
('INHA', '仁荷大学', '인하대학교', 'Inha University', '仁川', '인천', 'Incheon'),
('KONKUK', '建国大学', '건국대학교', 'Konkuk University', '首尔', '서울', 'Seoul'),
('DANKOOK', '檀国大学', '단국대학교', 'Dankook University', '龙仁', '용인', 'Yongin'),
('UOS', '首尔市立大学', '서울시립대학교', 'University of Seoul', '首尔', '서울', 'Seoul'),
('HUFS', '韩国外国语大学', '한국외국어대학교', 'Hankuk University of Foreign Studies', '首尔', '서울', 'Seoul'),
('CNU', '全南大学', '전남대학교', 'Chonnam National University', '光州', '광주', 'Gwangju'),
('JBNU', '全北大学', '전북대학교', 'Chonbuk National University', '全州', '전주', 'Jeonju'),
('CNNU', '忠南大学', '충남대학교', 'Chungnam National University', '大田', '대전', 'Daejeon'),
('GNU', '庆尚国立大学', '경상국립대학교', 'Gyeongsang National University', '晋州', '진주', 'Jinju'),
('JNU', '济州大学', '제주대학교', 'Jeju National University', '济州', '제주', 'Jeju'),
('CBNU', '忠北大学', '충북대학교', 'Chungbuk National University', '清州', '청주', 'Cheongju'),
('KNU_GANGWON', '江原大学', '강원대학교', 'Kangwon National University', '春川', '춘천', 'Chuncheon');

CREATE TABLE sys_user (
  id BIGINT GENERATED BY DEFAULT AS IDENTITY PRIMARY KEY,
  username VARCHAR(50) NOT NULL,
  nickname VARCHAR(50) NOT NULL,
  password VARCHAR(100) NOT NULL,
  email VARCHAR(100),
  phone VARCHAR(20),
  address VARCHAR(255),
  gender CHAR(1) DEFAULT 'U',
  age INTEGER,
  bio VARCHAR(500),
  avatar VARCHAR(255),
  role VARCHAR(20) NOT NULL DEFAULT 'user',
  status INTEGER NOT NULL DEFAULT 1,
  credit_score INTEGER NOT NULL DEFAULT 100,
  school_id BIGINT,
  create_time TIMESTAMP NOT NULL DEFAULT CURRENT_TIMESTAMP,
  update_time TIMESTAMP NOT NULL DEFAULT CURRENT_TIMESTAMP,
  deleted INTEGER NOT NULL DEFAULT 0,
  CONSTRAINT uk_username UNIQUE (username),
  CONSTRAINT uk_email UNIQUE (email),
  CONSTRAINT fk_user_school FOREIGN KEY (school_id) REFERENCES school (id) ON DELETE SET NULL ON UPDATE CASCADE
);

DROP TRIGGER IF EXISTS trg_sys_user_update_time ON sys_user;
CREATE TRIGGER trg_sys_user_update_time
BEFORE UPDATE ON sys_user
FOR EACH ROW EXECUTE FUNCTION set_update_time();

INSERT INTO sys_user (id, username, nickname, password, role, school_id) VALUES
(1, 'admin', '系统管理员', '$2a$10$0nl8q9Kr7oyVO4DW65vJUuoc.NKCffPUP4eFjjz4YYdHGmwgflcR6', 'admin', 1),
(2, 'user01', '张三', '$2a$10$0nl8q9Kr7oyVO4DW65vJUuoc.NKCffPUP4eFjjz4YYdHGmwgflcR6', 'user', 1),
(3, 'user02', '李四', '$2a$10$0nl8q9Kr7oyVO4DW65vJUuoc.NKCffPUP4eFjjz4YYdHGmwgflcR6', 'user', 2),
(4, 'user03', '王五', '$2a$10$0nl8q9Kr7oyVO4DW65vJUuoc.NKCffPUP4eFjjz4YYdHGmwgflcR6', 'user', 3);

CREATE TABLE product (
  id BIGINT GENERATED BY DEFAULT AS IDENTITY PRIMARY KEY,
  user_id BIGINT NOT NULL,
  school_id BIGINT,
  title VARCHAR(100) NOT NULL,
  description TEXT,
  category VARCHAR(50) NOT NULL,
  price NUMERIC(10,2) NOT NULL,
  original_price NUMERIC(10,2),
  condition_score INTEGER NOT NULL DEFAULT 8,
  condition_desc VARCHAR(500),
  images TEXT,
  status INTEGER NOT NULL DEFAULT 1,
  view_count INTEGER NOT NULL DEFAULT 0,
  favorite_count INTEGER NOT NULL DEFAULT 0,
  ai_analyzed INTEGER NOT NULL DEFAULT 0,
  ai_suggestions TEXT,
  create_time TIMESTAMP NOT NULL DEFAULT CURRENT_TIMESTAMP,
  update_time TIMESTAMP NOT NULL DEFAULT CURRENT_TIMESTAMP,
  deleted INTEGER NOT NULL DEFAULT 0,
  CONSTRAINT fk_product_user FOREIGN KEY (user_id) REFERENCES sys_user (id) ON DELETE CASCADE,
  CONSTRAINT fk_product_school FOREIGN KEY (school_id) REFERENCES school (id) ON DELETE SET NULL
);

DROP TRIGGER IF EXISTS trg_product_update_time ON product;
CREATE TRIGGER trg_product_update_time
BEFORE UPDATE ON product
FOR EACH ROW EXECUTE FUNCTION set_update_time();
CREATE INDEX IF NOT EXISTS idx_product_school_id ON product(school_id);

INSERT INTO product (user_id, school_id, title, description, category, price, original_price, condition_score, condition_desc, images, status, create_time) VALUES
(2, 1, 'iPhone 13 Pro 256G 石墨色', '自用 iPhone 13 Pro，256G，石墨色，9成新，无磕碰。配原装充电线与20W充电头。', '电子产品', 4800.00, 7999.00, 9, '外观完好无明显划痕', '[]', 2, '2024-11-01 09:30:00'),
(3, 1, '索尼 WH-1000XM4 无线降噪耳机', '索尼旗舰降噪耳机，黑色，95新，音质出众。', '电子产品', 1480.00, 2499.00, 9, '轻微使用痕迹', '[]', 2, '2024-11-02 10:15:00'),
(2, 1, '戴森 V8 Fluffy 吸尘器', '戴森 V8 无线吸尘器，使用1年，8成新。', '家用电器', 1299.00, 2990.00, 8, '机身有轻微使用痕迹', '[]', 2, '2024-11-03 14:45:00'),
(4, 1, 'Nike Air Max 270 运动鞋', 'Nike Air Max 270，黑白配色，42码，8.5成新。', '服饰配饰', 380.00, 1099.00, 8, '鞋面干净，正常磨损', '[]', 2, '2024-11-04 16:20:00'),
(3, 1, '小米 65英寸 4K 电视', '小米电视 65英寸，4K超清，支持HDR。', '家用电器', 1999.00, 3299.00, 9, '屏幕无坏点', '[]', 2, '2024-11-05 09:00:00'),
(2, 1, '雅马哈 电钢琴 P-125', '雅马哈 P-125 电钢琴，88键重锤，黑色。', '运动户外', 2888.00, 4699.00, 9, '琴键完好', '[]', 2, '2024-11-06 11:30:00'),
(4, 1, '理光 GR3 相机', '理光 GR3 便携相机，街拍利器，9成新。', '电子产品', 4200.00, 6299.00, 9, '机身成色好', '[]', 2, '2024-11-07 13:40:00'),
(3, 1, '深入理解计算机系统（第三版）', 'CSAPP 第三版中文版，计算机经典教材。', '图书音像', 68.00, 139.00, 9, '书脊与内页完好', '[]', 2, '2024-11-08 15:10:00'),
(2, 1, '联想 拯救者 R9000P 笔记本', 'R7-5800H / RTX3060 / 16G内存 / 512G固态。', '电子产品', 5999.00, 8999.00, 9, '外观完好', '[]', 2, '2024-11-08 18:25:00'),
(4, 1, '阿迪达斯 三叶草 卫衣', '经典款卫衣，黑色，M码，8成新。', '服饰配饰', 188.00, 599.00, 8, '衣物干净', '[]', 2, '2024-11-09 14:55:00');

CREATE TABLE orders (
  id BIGINT GENERATED BY DEFAULT AS IDENTITY PRIMARY KEY,
  order_no VARCHAR(50) NOT NULL,
  buyer_id BIGINT NOT NULL,
  seller_id BIGINT NOT NULL,
  product_id BIGINT NOT NULL,
  amount NUMERIC(10,2) NOT NULL,
  status INTEGER NOT NULL DEFAULT 0,
  remark VARCHAR(500),
  pay_time TIMESTAMP,
  finish_time TIMESTAMP,
  create_time TIMESTAMP NOT NULL DEFAULT CURRENT_TIMESTAMP,
  update_time TIMESTAMP NOT NULL DEFAULT CURRENT_TIMESTAMP,
  deleted INTEGER NOT NULL DEFAULT 0,
  CONSTRAINT fk_order_buyer FOREIGN KEY (buyer_id) REFERENCES sys_user (id),
  CONSTRAINT fk_order_product FOREIGN KEY (product_id) REFERENCES product (id)
);

INSERT INTO orders (order_no, buyer_id, seller_id, product_id, amount, status) VALUES
('202411050930451234567', 3, 2, 1, 4800.00, 2),
('202411061015232345678', 4, 3, 2, 1480.00, 2);

CREATE TABLE favorite (
  id BIGINT GENERATED BY DEFAULT AS IDENTITY PRIMARY KEY,
  user_id BIGINT NOT NULL,
  product_id BIGINT NOT NULL,
  create_time TIMESTAMP NOT NULL DEFAULT CURRENT_TIMESTAMP,
  deleted INTEGER NOT NULL DEFAULT 0
);

CREATE TABLE notice (
  id BIGINT GENERATED BY DEFAULT AS IDENTITY PRIMARY KEY,
  type INTEGER NOT NULL DEFAULT 1,
  title VARCHAR(100) NOT NULL,
  content TEXT NOT NULL,
  status INTEGER NOT NULL DEFAULT 1,
  publisher_id BIGINT,
  create_time TIMESTAMP NOT NULL DEFAULT CURRENT_TIMESTAMP,
  update_time TIMESTAMP NOT NULL DEFAULT CURRENT_TIMESTAMP,
  deleted INTEGER NOT NULL DEFAULT 0
);

INSERT INTO notice (title, content) VALUES ('欢迎使用智能二手商城', '欢迎来到智能二手商城');


CREATE TABLE review (
  id BIGINT GENERATED BY DEFAULT AS IDENTITY PRIMARY KEY,
  order_id BIGINT,
  reviewer_id BIGINT NOT NULL,
  reviewee_id BIGINT NOT NULL,
  product_id BIGINT,
  campus_service_id BIGINT,
  rating INTEGER NOT NULL,
  content TEXT,
  create_time TIMESTAMP NOT NULL DEFAULT CURRENT_TIMESTAMP,
  deleted INTEGER NOT NULL DEFAULT 0
);
CREATE INDEX IF NOT EXISTS idx_review_order_id ON review(order_id);
CREATE INDEX IF NOT EXISTS idx_review_product_id ON review(product_id);
CREATE INDEX IF NOT EXISTS idx_review_reviewee_id ON review(reviewee_id);
CREATE INDEX IF NOT EXISTS idx_review_campus_service_id ON review(campus_service_id);

CREATE TABLE message (
  id BIGINT GENERATED BY DEFAULT AS IDENTITY PRIMARY KEY,
  receiver_id BIGINT NOT NULL,
  type INTEGER NOT NULL DEFAULT 1,
  title VARCHAR(100) NOT NULL,
  content TEXT NOT NULL,
  is_read INTEGER NOT NULL DEFAULT 0,
  read_time TIMESTAMP,
  create_time TIMESTAMP NOT NULL DEFAULT CURRENT_TIMESTAMP,
  deleted INTEGER NOT NULL DEFAULT 0
);
CREATE INDEX IF NOT EXISTS idx_message_receiver_id ON message(receiver_id);

CREATE TABLE report (
  id BIGINT GENERATED BY DEFAULT AS IDENTITY PRIMARY KEY,
  reporter_id BIGINT NOT NULL,
  target_type INTEGER NOT NULL,
  target_id BIGINT NOT NULL,
  reason TEXT NOT NULL,
  status INTEGER NOT NULL DEFAULT 0,
  handle_result TEXT,
  handle_time TIMESTAMP,
  create_time TIMESTAMP NOT NULL DEFAULT CURRENT_TIMESTAMP,
  deleted INTEGER NOT NULL DEFAULT 0
);
CREATE INDEX IF NOT EXISTS idx_report_reporter_id ON report(reporter_id);
CREATE INDEX IF NOT EXISTS idx_report_target ON report(target_type, target_id);

CREATE TABLE sys_file_info (
  id BIGINT GENERATED BY DEFAULT AS IDENTITY PRIMARY KEY,
  original_name VARCHAR(255) NOT NULL,
  file_name VARCHAR(255) NOT NULL,
  file_path VARCHAR(500) NOT NULL,
  file_size BIGINT,
  file_type VARCHAR(50),
  mime_type VARCHAR(100),
  extension VARCHAR(20),
  md5 VARCHAR(64),
  file_url VARCHAR(500),
  user_id BIGINT,
  create_time TIMESTAMP NOT NULL DEFAULT CURRENT_TIMESTAMP,
  deleted INTEGER NOT NULL DEFAULT 0
);
CREATE INDEX IF NOT EXISTS idx_file_user_id ON sys_file_info(user_id);

CREATE TABLE biz_chat (
  id BIGINT GENERATED BY DEFAULT AS IDENTITY PRIMARY KEY,
  sender_id BIGINT,
  receiver_id BIGINT,
  content TEXT,
  msg_type INTEGER DEFAULT 0,
  is_read SMALLINT DEFAULT 0,
  create_time TIMESTAMP DEFAULT CURRENT_TIMESTAMP
);

CREATE TABLE ai_chat_record (
  id BIGINT GENERATED BY DEFAULT AS IDENTITY PRIMARY KEY,
  user_id BIGINT,
  role VARCHAR(32),
  content TEXT,
  create_time TIMESTAMP DEFAULT CURRENT_TIMESTAMP
);

CREATE TABLE search_history (
  id BIGINT GENERATED BY DEFAULT AS IDENTITY PRIMARY KEY,
  user_id BIGINT NOT NULL,
  keyword VARCHAR(100) NOT NULL,
  deleted INTEGER NOT NULL DEFAULT 0,
  create_time TIMESTAMP NOT NULL DEFAULT CURRENT_TIMESTAMP,
  update_time TIMESTAMP NOT NULL DEFAULT CURRENT_TIMESTAMP,
  CONSTRAINT fk_search_history_user FOREIGN KEY (user_id) REFERENCES sys_user (id) ON DELETE CASCADE
);
CREATE INDEX IF NOT EXISTS idx_search_history_user_deleted_time ON search_history(user_id, deleted, create_time);

DROP TRIGGER IF EXISTS trg_search_history_update_time ON search_history;
CREATE TRIGGER trg_search_history_update_time
BEFORE UPDATE ON search_history
FOR EACH ROW EXECUTE FUNCTION set_update_time();



-- ==========================================================
-- 合并自 browse_history.sql
-- ==========================================================
CREATE OR REPLACE FUNCTION set_update_time()
RETURNS TRIGGER AS $$
BEGIN
  NEW.update_time = CURRENT_TIMESTAMP;
  RETURN NEW;
END;
$$ LANGUAGE plpgsql;

DROP TABLE IF EXISTS browse_history CASCADE;

CREATE TABLE browse_history (
  id BIGINT GENERATED BY DEFAULT AS IDENTITY PRIMARY KEY,
  user_id BIGINT NOT NULL,
  product_id BIGINT NOT NULL,
  create_time TIMESTAMP NOT NULL DEFAULT CURRENT_TIMESTAMP,
  update_time TIMESTAMP NOT NULL DEFAULT CURRENT_TIMESTAMP,
  CONSTRAINT uk_browse_user_product UNIQUE (user_id, product_id),
  CONSTRAINT fk_browse_user FOREIGN KEY (user_id) REFERENCES sys_user (id) ON DELETE CASCADE,
  CONSTRAINT fk_browse_product FOREIGN KEY (product_id) REFERENCES product (id) ON DELETE CASCADE
);

DROP TRIGGER IF EXISTS trg_browse_history_update_time ON browse_history;
CREATE TRIGGER trg_browse_history_update_time
BEFORE UPDATE ON browse_history
FOR EACH ROW EXECUTE FUNCTION set_update_time();

-- ==========================================================
-- 合并自 forum_module.sql
-- ==========================================================
CREATE OR REPLACE FUNCTION set_update_time()
RETURNS TRIGGER AS $$
BEGIN
  NEW.update_time = CURRENT_TIMESTAMP;
  RETURN NEW;
END;
$$ LANGUAGE plpgsql;

DROP TABLE IF EXISTS forum_favorite CASCADE;
DROP TABLE IF EXISTS forum_like CASCADE;
DROP TABLE IF EXISTS forum_comment CASCADE;
DROP TABLE IF EXISTS forum_post CASCADE;

CREATE TABLE forum_post (
  id BIGINT GENERATED BY DEFAULT AS IDENTITY PRIMARY KEY,
  user_id BIGINT NOT NULL,
  school_id BIGINT,
  category VARCHAR(50) NOT NULL,
  title VARCHAR(100) NOT NULL,
  content TEXT NOT NULL,
  images TEXT,
  is_school_only SMALLINT NOT NULL DEFAULT 0,
  is_anonymous SMALLINT NOT NULL DEFAULT 0,
  view_count INTEGER NOT NULL DEFAULT 0,
  comment_count INTEGER NOT NULL DEFAULT 0,
  create_time TIMESTAMP NOT NULL DEFAULT CURRENT_TIMESTAMP,
  update_time TIMESTAMP NOT NULL DEFAULT CURRENT_TIMESTAMP,
  deleted INTEGER NOT NULL DEFAULT 0,
  CONSTRAINT fk_forum_post_user FOREIGN KEY (user_id) REFERENCES sys_user (id) ON DELETE CASCADE,
  CONSTRAINT fk_forum_post_school FOREIGN KEY (school_id) REFERENCES school (id) ON DELETE SET NULL
);

DROP TRIGGER IF EXISTS trg_forum_post_update_time ON forum_post;
CREATE TRIGGER trg_forum_post_update_time
BEFORE UPDATE ON forum_post
FOR EACH ROW EXECUTE FUNCTION set_update_time();

CREATE TABLE forum_comment (
  id BIGINT GENERATED BY DEFAULT AS IDENTITY PRIMARY KEY,
  post_id BIGINT NOT NULL,
  user_id BIGINT NOT NULL,
  content TEXT NOT NULL,
  is_anonymous SMALLINT NOT NULL DEFAULT 0,
  create_time TIMESTAMP NOT NULL DEFAULT CURRENT_TIMESTAMP,
  deleted INTEGER NOT NULL DEFAULT 0,
  CONSTRAINT fk_forum_comment_post FOREIGN KEY (post_id) REFERENCES forum_post (id) ON DELETE CASCADE,
  CONSTRAINT fk_forum_comment_user FOREIGN KEY (user_id) REFERENCES sys_user (id) ON DELETE CASCADE
);

CREATE TABLE forum_like (
  id BIGINT GENERATED BY DEFAULT AS IDENTITY PRIMARY KEY,
  post_id BIGINT NOT NULL,
  user_id BIGINT NOT NULL,
  create_time TIMESTAMP NOT NULL DEFAULT CURRENT_TIMESTAMP,
  CONSTRAINT uk_forum_like_post_user UNIQUE (post_id, user_id),
  CONSTRAINT fk_forum_like_post FOREIGN KEY (post_id) REFERENCES forum_post (id) ON DELETE CASCADE,
  CONSTRAINT fk_forum_like_user FOREIGN KEY (user_id) REFERENCES sys_user (id) ON DELETE CASCADE
);

CREATE TABLE forum_favorite (
  id BIGINT GENERATED BY DEFAULT AS IDENTITY PRIMARY KEY,
  post_id BIGINT NOT NULL,
  user_id BIGINT NOT NULL,
  create_time TIMESTAMP NOT NULL DEFAULT CURRENT_TIMESTAMP,
  CONSTRAINT uk_forum_favorite_post_user UNIQUE (post_id, user_id),
  CONSTRAINT fk_forum_favorite_post FOREIGN KEY (post_id) REFERENCES forum_post (id) ON DELETE CASCADE,
  CONSTRAINT fk_forum_favorite_user FOREIGN KEY (user_id) REFERENCES sys_user (id) ON DELETE CASCADE
);

INSERT INTO forum_post (user_id, school_id, category, title, content, images, view_count, comment_count) VALUES
(2, 1, '校园闲聊', '求助！首尔大学附近哪里的炸鸡最好吃？', '刚来这边不久，求各位学长学姐推荐一下！最好是那种有校友优惠的店，或者是适合几个人聚餐的地方。感谢大家！', '[]', 120, 24),
(3, 1, '出闲置', '出一些考研/托福资料，半卖半送', '毕业回国了，很多资料带不走。有需要的同学可以私信我。包括历年真题、自己做的笔记，还有一些专业课参考书。地点在延世大学南门。', '[]', 85, 8),
(4, 1, '校园闲聊', '避雷！校门口那家新开的咖啡店千万别去', '态度极差，咖啡味道也一般。等了半个小时才上，而且价格比旁边的贵一倍。真的是避雷了各位！', '[]', 230, 45);

-- ==========================================================
-- 合并自 campus_service.sql
-- ==========================================================
CREATE OR REPLACE FUNCTION set_update_time()
RETURNS TRIGGER AS $$
BEGIN
  NEW.update_time = CURRENT_TIMESTAMP;
  RETURN NEW;
END;
$$ LANGUAGE plpgsql;

DROP TABLE IF EXISTS campus_service CASCADE;

CREATE TABLE campus_service (
  id BIGINT GENERATED BY DEFAULT AS IDENTITY PRIMARY KEY,
  user_id BIGINT NOT NULL,
  school_id BIGINT,
  type SMALLINT NOT NULL,
  title VARCHAR(100) NOT NULL,
  content TEXT,
  location VARCHAR(200),
  reward NUMERIC(10,2) DEFAULT 0.00,
  limit_count INTEGER,
  current_count INTEGER DEFAULT 0,
  deadline TIMESTAMP,
  status INTEGER NOT NULL DEFAULT 1,
  accepter_id BIGINT,
  create_time TIMESTAMP NOT NULL DEFAULT CURRENT_TIMESTAMP,
  update_time TIMESTAMP NOT NULL DEFAULT CURRENT_TIMESTAMP,
  deleted INTEGER NOT NULL DEFAULT 0,
  CONSTRAINT fk_campus_service_user FOREIGN KEY (user_id) REFERENCES sys_user (id) ON DELETE CASCADE,
  CONSTRAINT fk_campus_service_school FOREIGN KEY (school_id) REFERENCES school (id) ON DELETE SET NULL
);

DROP TRIGGER IF EXISTS trg_campus_service_update_time ON campus_service;
CREATE TRIGGER trg_campus_service_update_time
BEFORE UPDATE ON campus_service
FOR EACH ROW EXECUTE FUNCTION set_update_time();

INSERT INTO campus_service (user_id, school_id, type, title, content, location, reward, status) VALUES
(2, 1, 1, '代取快递 - 菜鸟驿站', '在西门菜鸟驿站有三个大件，求顺路同学带到宿舍楼下。', '西门菜鸟驿站', 5.00, 1),
(3, 1, 2, '外卖拼单 - 霸王茶姬', '想喝霸王茶姬，还差一人免运费，速度来！', '宿舍11栋', 0.00, 1),
(4, 1, 3, '图书馆二楼靠窗位共享', '由于临时有课，座位空出，14:00-16:00可借用。', '图书馆二楼', 0.00, 1);

-- ==========================================================
-- 合并自 seed_more_korean_schools.sql
-- ==========================================================
INSERT INTO school (school_code, name_zh, name_ko, name_en, city_zh, city_ko, city_en) VALUES
('INHA', '仁荷大学', '인하대학교', 'Inha University', '仁川', '인천', 'Incheon'),
('KONKUK', '建国大学', '건국대학교', 'Konkuk University', '首尔', '서울', 'Seoul'),
('DANKOOK', '檀国大学', '단국대학교', 'Dankook University', '龙仁', '용인', 'Yongin'),
('UOS', '首尔市立大学', '서울시립대학교', 'University of Seoul', '首尔', '서울', 'Seoul'),
('HUFS', '韩国外国语大学', '한국외국어대학교', 'Hankuk University of Foreign Studies', '首尔', '서울', 'Seoul'),
('CNU', '全南大学', '전남대학교', 'Chonnam National University', '光州', '광주', 'Gwangju'),
('JBNU', '全北大学', '전북대학교', 'Chonbuk National University', '全州', '전주', 'Jeonju'),
('CNNU', '忠南大学', '충남대학교', 'Chungnam National University', '大田', '대전', 'Daejeon'),
('GNU', '庆尚国立大学', '경상국립대학교', 'Gyeongsang National University', '晋州', '진주', 'Jinju'),
('JNU', '济州大学', '제주대학교', 'Jeju National University', '济州', '제주', 'Jeju'),
('CBNU', '忠北大学', '충북대학교', 'Chungbuk National University', '清州', '청주', 'Cheongju'),
('KNU_GANGWON', '江原大学', '강원대학교', 'Kangwon National University', '春川', '춘천', 'Chuncheon')
ON CONFLICT (school_code) DO NOTHING;

-- ==========================================================
-- 合并自 seed_demo_users_products.sql
-- ==========================================================
WITH seed_schools AS (
  SELECT id, school_code, name_zh
  FROM school
  WHERE deleted = 0 AND status = 1
),
users_to_insert AS (
  SELECT
    'demo_' || s.school_code || '_' || LPAD(gs::text, 2, '0') AS username,
    '演示用户' || s.school_code || gs::text AS nickname,
    '$2a$10$0nl8q9Kr7oyVO4DW65vJUuoc.NKCffPUP4eFjjz4YYdHGmwgflcR6' AS password,
    'demo_' || s.school_code || '_' || LPAD(gs::text, 2, '0') || '@example.com' AS email,
    '010' || LPAD((abs(hashtext(s.school_code || ':' || gs::text)) % 100000000)::text, 8, '0') AS phone,
    s.name_zh || ' 校园' AS address,
    'U' AS gender,
    20 + (abs(hashtext('age:' || s.school_code || ':' || gs::text)) % 8) AS age,
    NULL AS avatar,
    'user' AS role,
    1 AS status,
    90 AS credit_score,
    s.id AS school_id,
    NOW() AS create_time,
    NOW() AS update_time,
    0 AS deleted
  FROM seed_schools s
  CROSS JOIN generate_series(1, 2) gs
)
INSERT INTO sys_user (username, nickname, password, email, phone, address, gender, age, avatar, role, status, credit_score, school_id, create_time, update_time, deleted)
SELECT username, nickname, password, email, phone, address, gender, age, avatar, role, status, credit_score, school_id, create_time, update_time, deleted
FROM users_to_insert
ON CONFLICT (username) DO NOTHING;

WITH demo_users AS (
  SELECT id AS user_id, school_id
  FROM sys_user
  WHERE deleted = 0 AND role = 'user' AND username LIKE 'demo_%'
),
items AS (
  SELECT u.user_id, u.school_id, gs AS n
  FROM demo_users u
  CROSS JOIN generate_series(1, 6) gs
)
INSERT INTO product (
  user_id, school_id, title, description, category, price, original_price, condition_score, condition_desc, images, status, view_count, favorite_count, ai_analyzed, ai_suggestions, create_time, update_time, deleted
)
SELECT
  i.user_id,
  i.school_id,
  CASE (i.n % 8)
    WHEN 0 THEN '二手平板 64G（学习用）'
    WHEN 1 THEN '宿舍小冰箱（静音省电）'
    WHEN 2 THEN '运动鞋 42 码（轻微磨损）'
    WHEN 3 THEN '图书音像资料合集（期末备考）'
    WHEN 4 THEN '羽毛球拍（含球）'
    WHEN 5 THEN '美妆护肤套装（未拆封）'
    WHEN 6 THEN '母婴玩具积木（九成新）'
    ELSE '其他：校园通勤双肩包'
  END,
  '【演示数据】用户与商品展示',
  CASE (i.n % 5)
    WHEN 0 THEN '电子产品'
    WHEN 1 THEN '家用电器'
    WHEN 2 THEN '服饰配饰'
    WHEN 3 THEN '图书音像'
    ELSE '其他'
  END,
  (50 + (i.n * 10))::numeric(10,2),
  (80 + (i.n * 10))::numeric(10,2),
  8,
  '正常使用痕迹',
  '[]',
  2,
  0,
  0,
  0,
  NULL,
  NOW(),
  NOW(),
  0
FROM items i;

-- ==========================================================
-- 合并自 seed_demo_products_per_school.sql
-- ==========================================================
WITH seed_tag AS (
  SELECT to_char(NOW(), 'YYYYMMDDHH24MISS') AS tag
),
seed_users AS (
  SELECT
    'demo_school_' || s.id::text || '_' || t.tag AS username,
    '演示发布者' || s.name_zh AS nickname,
    '$2a$10$0nl8q9Kr7oyVO4DW65vJUuoc.NKCffPUP4eFjjz4YYdHGmwgflcR6' AS password,
    'demo_school_' || s.id::text || '_' || t.tag || '@example.com' AS email,
    s.id AS school_id
  FROM school s
  CROSS JOIN seed_tag t
  WHERE s.deleted = 0 AND s.status = 1
),
inserted AS (
  INSERT INTO sys_user (username, nickname, password, email, role, status, credit_score, school_id, create_time, update_time, deleted)
  SELECT username, nickname, password, email, 'user', 1, 90, school_id, NOW(), NOW(), 0
  FROM seed_users
  ON CONFLICT (username) DO NOTHING
  RETURNING id, school_id
),
resolved AS (
  SELECT u.id AS user_id, u.school_id
  FROM sys_user u
  JOIN seed_users su ON su.username = u.username
),
items AS (
  SELECT r.user_id, r.school_id, gs AS n
  FROM resolved r
  CROSS JOIN generate_series(1, 12) gs
)
INSERT INTO product (
  user_id, school_id, title, description, category, price, original_price, condition_score, condition_desc, images, status, view_count, favorite_count, ai_analyzed, ai_suggestions, create_time, update_time, deleted
)
SELECT
  i.user_id,
  i.school_id,
  CASE (i.n % 8)
    WHEN 0 THEN '二手平板 64G（学习用）'
    WHEN 1 THEN '宿舍小冰箱（静音省电）'
    WHEN 2 THEN '运动鞋 42 码（轻微磨损）'
    WHEN 3 THEN '图书音像资料合集（期末备考）'
    WHEN 4 THEN '羽毛球拍（含球）'
    WHEN 5 THEN '美妆护肤套装（未拆封）'
    WHEN 6 THEN '母婴玩具积木（九成新）'
    ELSE '其他：校园通勤双肩包'
  END,
  '【演示数据】学校维度商品展示',
  CASE (i.n % 5)
    WHEN 0 THEN '电子产品'
    WHEN 1 THEN '家用电器'
    WHEN 2 THEN '服饰配饰'
    WHEN 3 THEN '图书音像'
    ELSE '其他'
  END,
  (60 + (i.n * 8))::numeric(10,2),
  (90 + (i.n * 8))::numeric(10,2),
  8,
  '正常使用痕迹',
  '[]',
  2,
  0,
  0,
  0,
  NULL,
  NOW(),
  NOW(),
  0
FROM items i;

-- ==========================================================
-- 合并自 seed_random_schools_for_existing_products.sql
-- ==========================================================
DO $$
DECLARE
  school_count INTEGER;
BEGIN
  SELECT COUNT(*) INTO school_count FROM school WHERE deleted = 0 AND status = 1;
  IF school_count <= 0 THEN
    RETURN;
  END IF;

  CREATE TEMP TABLE IF NOT EXISTS tmp_user_school (
    user_id BIGINT PRIMARY KEY,
    school_id BIGINT
  ) ON COMMIT DROP;

  TRUNCATE TABLE tmp_user_school;

  INSERT INTO tmp_user_school (user_id)
  SELECT DISTINCT p.user_id
  FROM product p
  JOIN sys_user u ON u.id = p.user_id
  WHERE p.deleted = 0 AND u.deleted = 0 AND u.role = 'user';

  UPDATE tmp_user_school tus
  SET school_id = (
    SELECT s.id
    FROM school s
    WHERE s.deleted = 0 AND s.status = 1
    ORDER BY s.id
    OFFSET (abs(hashtext(tus.user_id::text || ':seed:2026-05-05')) % school_count)
    LIMIT 1
  );

  UPDATE sys_user u
  SET school_id = tus.school_id
  FROM tmp_user_school tus
  WHERE tus.user_id = u.id
    AND u.deleted = 0
    AND u.role = 'user';

  UPDATE product p
  SET school_id = tus.school_id
  FROM tmp_user_school tus
  WHERE tus.user_id = p.user_id
    AND p.deleted = 0;
END;
$$;

-- ==========================================================
-- 合并自 mock_forum_data.sql
-- ==========================================================
TRUNCATE TABLE forum_post RESTART IDENTITY CASCADE;

INSERT INTO forum_post (user_id, school_id, category, title, content, images, is_school_only, view_count, comment_count, create_time, update_time) VALUES
(2, 1, '校园闲聊', '首尔大学图书馆这周五有座吗？', '想去复习期中考试，不知道周五人多不多，求学长学姐告知！', '[]', 1, 45, 2, NOW(), NOW()),
(3, 1, '二手求购', '求购一个二手显示器', '最近宿舍写代码太费眼了，想收个24寸左右的显示器，有的同学请私聊。', '[]', 0, 12, 1, NOW(), NOW()),
(4, 2, '出闲置', '转让一把人体工学椅', 'KAIST西门自取，用了半年，保护得很好，因为要回国了所以低价转让。', '[]', 1, 89, 5, NOW(), NOW()),
(2, 4, '校园闲聊', '延世大学校庆活动有人一起吗？', '这周末有校庆表演，希望能组队一起去看，男女不限！', '[]', 0, 156, 12, NOW(), NOW()),
(2, 3, '二手求购', '高丽大学附近求租房', '求租一个One-room，最好靠近地铁站，租金在50w左右。', '[]', 0, 34, 0, NOW(), NOW()),
(3, 1, '校园闲聊', '首尔大学食堂哪个最好吃？', '刚入学，感觉食堂太多了选不过来，大家推荐一下呀！', '[]', 0, 210, 8, NOW(), NOW()),
(4, 4, '出闲置', '低价出教材，延世大学专业课', '包括经济学原理、中级微观等，保存完好，需要的同学带走。', '[]', 1, 56, 3, NOW(), NOW());

-- ==========================================================
-- 合并自 repair_database_encoding.sql
-- ==========================================================
TRUNCATE TABLE forum_post RESTART IDENTITY CASCADE;

INSERT INTO forum_post (id, user_id, school_id, category, title, content, images, is_school_only, is_anonymous, view_count, comment_count, create_time, update_time) VALUES
(1, 2, 1, '校园闲聊', '首尔大学图书馆这周五有座吗？', '想去复习期中考试，不知道周五人多不多，求学长学姐告知！', '[]', 1, 0, 45, 2, NOW(), NOW()),
(2, 3, 2, '二手求购', '求购一个二手显示器', '最近宿舍写代码太费眼了，想收个24寸左右的显示器，有的同学请私聊。', '[]', 0, 0, 12, 1, NOW(), NOW()),
(3, 4, 3, '出闲置', '转让一把人体工学椅', 'KAIST西门自取，用了半年，保护得很好，因为要回国了所以低价转让。', '[]', 1, 0, 89, 5, NOW(), NOW()),
(4, 2, 4, '校园闲聊', '延世大学校庆活动有人一起吗？', '这周末有校庆表演，希望能组队一起去看，男女不限！', '[]', 0, 1, 156, 12, NOW(), NOW()),
(5, 2, 5, '二手求购', '高丽大学附近求租房', '求租一个One-room，最好靠近地铁站，租金在50w左右。', '[]', 0, 0, 34, 0, NOW(), NOW()),
(6, 3, 1, '校园闲聊', '首尔大学食堂哪个最好吃？', '刚入学，感觉食堂太多了选不过来，大家推荐一下呀！', '[]', 0, 1, 210, 8, NOW(), NOW()),
(7, 4, 6, '出闲置', '低价出教材，延世大学专业课', '包括经济学原理、中级微观等，保存完好，需要的同学带走。', '[]', 1, 0, 56, 3, NOW(), NOW());

-- ==========================================================
-- 合并自 update_demo_product_categories.sql
-- ==========================================================
UPDATE product p
SET category = CASE p.category
  WHEN '图书文具' THEN '图书音像'
  WHEN '图书资料' THEN '图书音像'
  WHEN '美妆护理' THEN '美妆护肤'
  WHEN '生活用品' THEN '其他'
  WHEN '家用用品' THEN '其他'
  ELSE p.category
END
FROM sys_user u
WHERE u.id = p.user_id
  AND p.deleted = 0
  AND u.deleted = 0
  AND u.username LIKE 'demo%'
  AND p.category IN ('图书文具','图书资料','美妆护理','生活用品','家用用品');

-- ==========================================================
-- 合并自 update_demo_product_images.sql
-- ==========================================================
UPDATE product p
SET images = '[]'
FROM sys_user u
WHERE u.id = p.user_id
  AND p.deleted = 0
  AND u.deleted = 0
  AND (
    p.images IS NULL
    OR p.images = ''
    OR p.images LIKE '%unsplash.com%'
    OR p.images LIKE '%source.unsplash.com%'
    OR p.images LIKE '%images.unsplash.com%'
  );

-- ==========================================================
-- 合并自 fix_all_image_urls.sql
-- ==========================================================
UPDATE product
SET images = '[]'
WHERE images LIKE '%unsplash.com%' OR images LIKE '%picsum.photos/photo-%';

UPDATE forum_post
SET images = '[]'
WHERE images LIKE '%unsplash.com%' OR images LIKE '%picsum.photos/photo-%';

UPDATE sys_user
SET avatar = NULL
WHERE avatar LIKE '%unsplash.com%' OR avatar LIKE '%picsum.photos/photo-%';

COMMIT;
